,Player,Tm,G,Year,ID
53,Neil Johnston,PHW,72,1954,johnsne01
102,Dolph Schayes,SYR,72,1954,schaydo01
76,Vern Mikkelsen,MNL,72,1954,mikkeve01
77,Eddie Miller,BLB,72,1954,milleed01
28,Larry Foust,FTW,72,1954,foustla01
26,Ray Felix,BLB,72,1954,felixra01
52,Mel Hutchins,FTW,72,1954,hutchme01
96,Arnie Risen,ROC,72,1954,risenar01
21,Bob Davies,ROC,72,1954,daviebo01
20,Bob Cousy,BOS,72,1954,cousybo01
39,Alex Hannum,ROC,72,1954,hannual01
34,Harry Gallatin,NYK,72,1954,gallaha01
15,Bill Calhoun,MLH,72,1954,calhobi01
17,Nat Clifton,NYK,72,1954,cliftna01
13,Carl Braun,NYK,72,1954,braunca01
111,Connie Simmons,NYK,72,1954,simmoco01
54,Billy Kenville,SYR,72,1954,kenvibi01
127,Bobby Wanzer,ROC,72,1954,wanzebo01
55,George King,SYR,72,1954,kingge01
118,Odie Spears,ROC,72,1954,spearod01
46,Paul Hoffman,BLB,72,1954,hoffmpa01
75,George Mikan,MNL,72,1954,mikange01
110,Bill Sharman,BOS,72,1954,sharmbi01
45,Lew Hitch,MLH,72,1954,hitchle01
60,Earl Lloyd,SYR,72,1954,lloydea01
62,Clyde Lovellette,MNL,72,1954,lovelcl01
72,Jack McMahon,ROC,71,1954,mcmahja01
41,Bob Harris,BOS,71,1954,harribo01
73,Monk Meineke,FTW,71,1954,meinemo01
35,Jack George,PHW,71,1954,georgja01
64,Ed Macauley,BOS,71,1954,macaued01
37,Joe Graboski,PHW,71,1954,grabojo01
134,Zeke Zawoluk,PHW,71,1954,zawolze01
91,Andy Phillip,FTW,71,1954,phillan01
98,Pep Saul,MNL,71,1954,saulpe01
18,Jack Coleman,ROC,71,1954,colemja01
12,Bob Brannum,BOS,71,1954,brannbo01
103,Dick Schnittker,MNL,71,1954,schnidi01
106,Paul Seymour,SYR,71,1954,seymopa01
113,Whitey Skoog,MNL,71,1954,skoogwh01
122,Bill Tosheff,MLH,71,1954,toshebi01
92,Jim Pollard,MNL,71,1954,pollaji01
86,Wally Osterkorn,SYR,70,1954,osterwa01
19,Chuck Cooper,BOS,70,1954,coopech01
16,Cal Christensen,ROC,70,1954,chrisca01
47,Jim Holstein,MNL,70,1954,holstji01
2,Jim Baechtold,NYK,70,1954,baechji01
93,George Ratkovicz,MLH,69,1954,ratkoge01
66,Slater Martin,MNL,69,1954,martisl01
9,Irv Bemoras,MLH,69,1954,bemorir01
27,Danny Finn,PHW,68,1954,finnda01
22,Walt Davis,PHW,68,1954,daviswa01
23,Bob Donham,BOS,68,1954,donhabo01
71,Dick McGuire,NYK,68,1954,mcguidi01
119,Don Sunderlage,MLH,68,1954,sundedo01
97,Al Roges,BLB,67,1954,rogesal01
80,Jim Neal,SYR,67,1954,nealji01
40,Rollen Hans,BLB,67,1954,hansro01
31,Jim Fritsche,BLB,66,1954,fritsji01
104,Fred Scolari,FTW,64,1954,scolafr01
14,Frankie Brian,FTW,64,1954,brianfr01
125,Paul Walther,PHW,64,1954,walthpa01
70,Alfred McGuire,NYK,64,1954,mcguial01
121,Norm Swanson,ROC,63,1954,swansno01
3,Don Barksdale,BOS,63,1954,barksdo01
129,George Yardley,FTW,63,1954,yardlge01
32,Joe Fulks,PHW,61,1954,fulksjo01
33,Bill Gabor,SYR,61,1954,gaborbi01
83,Jack Nichols,BOS,60,1954,nichoja01
59,Bob Lavoy,SYR,60,1954,lavoybo01
51,Bob Houbregs,BLB,59,1954,houbrbo01
7,Ernie Barrett,BOS,59,1954,barreer01
105,George Senesky,PHW,58,1954,senesge01
5,Leo Barnhorst,BLB,55,1954,barnhle01
11,Vince Boryla,NYK,52,1954,borylvi01
48,Red Holzman,MLH,51,1954,holzmre01
79,Ken Murray,FTW,49,1954,murrake01
109,Chuck Share,MLH,47,1954,sharech01
133,Max Zaslofsky,FTW,45,1954,zasloma01
101,Fred Schaus,NYK,44,1954,schaufr01
43,Bob Harrison,MNL,40,1954,harribo02
117,Joe Smyth,BLB,32,1954,smythjo01
78,Jack Molinas,FTW,32,1954,molinja01
120,Dick Surhoff,MLH,32,1954,surhodi01
63,Jim Luisi,BLB,31,1954,luisiji01
0,Don Ackerman,NYK,28,1954,ackerdo01
123,Hal Uplinger,BLB,23,1954,uplinha01
36,Bato Govedarica,SYR,23,1954,govedba01
61,Don Lofgran,MLH,21,1954,lofgrdo01
94,Connie Rea,BLB,20,1954,reaco01
10,Bill Bolger,BLB,20,1954,bolgebi01
69,Al Masino,SYR,16,1954,masinal01
8,Ernie Beck,PHW,15,1954,becker01
124,Ernie Vandeweghe,NYK,15,1954,vandeer01
128,Mark Workman,BLB,14,1954,workmma01
114,Ed Smith,NYK,12,1954,smithed01
24,Gene Dyker,MLH,11,1954,dykerge01
112,Zeke Sinicola,FTW,9,1954,sinicze01
74,Ed Mikan,BOS,9,1954,mikaned01
1,Don Asmonga,BLB,7,1954,asmondo01
95,Frank Reddout,ROC,7,1954,reddofr01
85,Mike Novak,SYR,5,1954,novakmi01
56,Dick Knostman,SYR,5,1954,knostdi01
89,Bob Peterson,MLH,4,1954,peterbo01
90,James Phelan,PHW,4,1954,phelaja02
126,Isaac Walthour,MLH,4,1954,walthis01
65,Mo Mahoney,BLB,2,1954,mahonmo01
25,Ed Earle,SYR,2,1954,earleed01
38,Norm Grekin,PHW,1,1954,grekino01
84,Paul Nolen,BLB,1,1954,nolenpa01
